"ING_SEQ","ING_NM","VEGE_CLASS_SEQ","EMISSIONS"
"100","소고기","1","59.60"
"200","양고기","1","24.50"
"300","치즈","5","21.20"
"400","젖소","1","21.10"
"500","초콜렛","5","18.70"
"600","커피","5","16.50"
"700","새우","3","11.80"
"800","돼지고기","1","7.20"
"900","가금류 고기","2","6.10"
"1000","양식 해산물","3","5.10"
"1100","달걀","4","4.50"
"1200","쌀","6","4.00"
"1300","두부","6","3.00"
"1400","우유,유제품","5","2.80"
"1500","토마토","6","1.40"
"1600","바나나","6","0.80"
"1700","식용유","6","6.00"
"1800","올리브유","6","6.00"
"1900","카놀라유","6","3.70"
"2000","해바라기유","6","3.50"
"2100","설탕","6","2.60"
"2200","땅콩","6","2.40"
"2300","오트밀","6","1.60"
"2400","콩류","6","1.60"
"2500","밀, 호밀","6","1.40"
"2600","비트 슈가","6","1.40"
"2700","와인","6","1.40"
"2800","옥수수","6","1.10"
"2900","보리 (맥주)","6","1.10"
"3000","베리/포도류","6","1.10"
"3100","두유","6","1.00"
"3200","카사바","6","0.90"
"3300","완두콩","6","0.80"
"3400","과일류","6","0.70"
"3500","채소류","6","0.50"
"3600","배추속채소","6","0.40"
"3700","양파/부추속채소","6","0.30"
"3800","뿌리채소","6","0.30"
"3900","사과,감귤류","6","0.30"
"4000","견과류","6","0.20"
"100101","갈비","1","59.60"
"100102","갈은 소고기","1","59.60"
"100103","갈은소고기","1","59.60"
"100104","다진 소고기","1","59.60"
"100105","다진 쇠고기","1","59.60"
"100106","다진소고기","1","59.60"
"100107","다진쇠고기","1","59.60"
"100108","미트소스","1","59.60"
"100109","사골육수","1","59.60"
"100110","소 채끝살","1","59.60"
"100111","소고기","1","59.60"
"100112","소고기 갈비","1","59.60"
"100113","소안심살","1","59.60"
"100114","소고기 등심","1","59.60"
"100115","소고기 살치살","1","59.60"
"100116","소고기 안심","1","59.60"
"100117","쇠갈비","1","59.60"
"100118","소고기 우둔살","1","59.60"
"100119","소고기 홍두깨살","1","59.60"
"100120","소고기갈비","1","59.60"
"100121","소고기등심","1","59.60"
"100122","소채끝살","1","59.60"
"100123","쇠고기 안심살","1","59.60"
"100124","쇠고기","1","59.60"
"100125","쇠갈비살","1","59.60"
"100126","소고기살치살","1","59.60"
"100127","소고기안심","1","59.60"
"100128","소고기우둔살","1","59.60"
"100129","소고기홍두깨살","1","59.60"
"100130","소등심","1","59.60"
"100131","소불고기","1","59.60"
"100132","쇠고기 앞다리살","1","59.60"
"100133","쇠고기 양지","1","59.60"
"100134","쇠고기 우둔","1","59.60"
"100135","쇠고기 우둔살","1","59.60"
"100136","쇠고기 홍두깨살","1","59.60"
"100137","쇠고기갈비","1","59.60"
"100138","쇠고기구이용","1","59.60"
"100139","쇠고기등심","1","59.60"
"100140","쇠고기등심 슬라이스","1","59.60"
"100141","쇠고기등심슬라이스","1","59.60"
"100142","쇠고기사태살","1","59.60"
"100143","쇠고기안심살","1","59.60"
"100144","쇠고기앞다리살","1","59.60"
"100145","쇠고기양지","1","59.60"
"100146","쇠고기우둔","1","59.60"
"100147","쇠고기우둔살","1","59.60"
"100148","쇠고기육수","1","59.60"
"100149","쇠고기홍두깨살","1","59.60"
"100150","쇠우둔살","1","59.60"
"100151","얇게 썬 쇠고기","1","59.60"
"100152","얇게 썬 쇠고기 부채살","1","59.60"
"100153","얇게썬쇠고기부채살","1","59.60"
"100154","양지","1","59.60"
"100155","우민찌","1","59.60"
"100156","우삼겹","1","59.60"
"100157","찜갈비","1","59.60"
"100158","차돌박이","1","59.60"
"100159","채 썬 쇠고기 우둔살","1","59.60"
"100160","채썬쇠고기우둔살","1","59.60"
"100161","홍두깨살","1","59.60"
"100162","사골곰탕가루","1","59.60"
"100163","소고기다시다","1","59.60"
"100164","사골","1","59.60"
"100165","등심스테이크","1","59.60"
"100166","육회","1","59.60"
"100167","소사골","1","59.60"
"100168","우족","1","59.60"
"100169","소잡뼈","1","59.60"
"100170","사태살","1","59.60"
"100171","사태","1","59.60"
"100172","한우도가니","1","59.60"
"100173","소고기양지","1","59.60"
"200101","양고기","1","24.50"
"300101","그라나파다노 치즈","5","21.20"
"300102","그라나파다노치즈","5","21.20"
"300103","리코타 치즈","5","21.20"
"300104","리코타치즈","5","21.20"
"300105","모짜렐라치즈","5","21.20"
"300106","생 모짜렐라치즈","5","21.20"
"300107","생모짜렐라치즈","5","21.20"
"300108","생치즈","5","21.20"
"300109","어린이치즈","5","21.20"
"300110","저염치즈","5","21.20"
"300111","치즈","5","21.20"
"300112","치즈가루","5","21.20"
"300113","크림치즈","5","21.20"
"300114","파르메산 치즈가루","5","21.20"
"300115","파르메산치즈가루","5","21.20"
"300116","파마산 치즈가루","5","21.20"
"300117","파마산치즈","5","21.20"
"300118","파마산치즈가루","5","21.20"
"300119","피자치즈","5","21.20"
"300120","에벤탈치즈","5","21.20"
"400101","젖소","1","21.10"
"500101","다크초콜릿","5","18.70"
"500102","블랙초콜릿","5","18.70"
"500103","초콜렛","5","18.70"
"500104","초콜릿","5","18.70"
"500105","코코아","5","18.70"
"600101","커피","5","16.50"
"700101","건 새우가루","3","11.80"
"700102","건새우","3","11.80"
"700103","건새우가루","3","11.80"
"700104","마른새우","3","11.80"
"700105","보리새우","3","11.80"
"700106","새우","3","11.80"
"700107","새우 대하","3","11.80"
"700108","새우가루","3","11.80"
"700109","새우대하","3","11.80"
"700110","새우살","3","11.80"
"700111","새우젓","3","11.80"
"700112","새우젓국","3","11.80"
"700113","자숙새우","3","11.80"
"700114","칵테일 새우","3","11.80"
"700115","칵테일새우","3","11.80"
"800101","갈은 돼지고기","1","7.20"
"800102","갈은돼지고기","1","7.20"
"800103","건강생각햄","1","7.20"
"800104","다진 돼지 앞다리살","1","7.20"
"800105","다진 돼지고기","1","7.20"
"800106","다진 돼지고기 등심","1","7.20"
"800107","다진 돼지고기 우둔","1","7.20"
"800108","다진 돼지고기등심","1","7.20"
"800109","다진돼지고기","1","7.20"
"800110","다진돼지고기등심","1","7.20"
"800111","다진돼지고기우둔","1","7.20"
"800112","다진돼지앞다리살","1","7.20"
"800113","돼지고기 통삼겹살","1","7.20"
"800114","돈 등뼈","1","7.20"
"800115","돈등뼈","1","7.20"
"800116","돈육다짐육","1","7.20"
"800117","돼지고기목살","1","7.20"
"800118","돼지 소장","1","7.20"
"800119","돼지 소장 소시지용 케이싱 사용","1","7.20"
"800120","돼지고기","1","7.20"
"800121","돼지고기 등심","1","7.20"
"800122","돼지고기등심","1","7.20"
"800123","돼지고기삼겹살","1","7.20"
"800124","돼지고기사태","1","7.20"
"800125","돼지고기불고기용","1","7.20"
"800126","돼지고기 목살","1","7.20"
"800127","돼지고기 불고기용","1","7.20"
"800128","돼지고기 사태","1","7.20"
"800129","돼지고기 삼겹살","1","7.20"
"800130","돼지고기 안심","1","7.20"
"800131","돼지고기 앞다리살","1","7.20"
"800132","돼지고기안심","1","7.20"
"800133","돼지고기앞다리살","1","7.20"
"800134","돼지고기통삼겹살","1","7.20"
"800135","돼지등심","1","7.20"
"800136","돼지머리","1","7.20"
"800137","돼지사태","1","7.20"
"800138","돼지소장","1","7.20"
"800139","돼지소장소시지용케이싱사용","1","7.20"
"800140","목살","1","7.20"
"800141","베이컨","1","7.20"
"800142","삼겹살","1","7.20"
"800143","소시지","1","7.20"
"800144","스팸 마일드","1","7.20"
"800145","스팸(마일드)","1","7.20"
"800146","스팸마일드","1","7.20"
"800147","슬라이스햄","1","7.20"
"800148","양념족발","1","7.20"
"800149","우리팜델리","1","7.20"
"800150","우리팜델리 스팸","1","7.20"
"800151","우리팜델리스팸","1","7.20"
"800152","육수 돼지고기","1","7.20"
"800153","육수 돼지고기 삼겹살","1","7.20"
"800154","육수돼지고기삼겹살","1","7.20"
"800155","저염베이컨","1","7.20"
"800156","저염살라미","1","7.20"
"800157","저염스모크햄","1","7.20"
"800158","저염햄","1","7.20"
"800159","젤라틴","1","7.20"
"800160","채 썬 돼지고기","1","7.20"
"800161","채썬돼지고기","1","7.20"
"800162","통삼겹살","1","7.20"
"800163","통조림 햄","1","7.20"
"800164","통조림햄","1","7.20"
"800165","판젤라틴","1","7.20"
"800166","햄","1","7.20"
"800167","후랑크소시지","1","7.20"
"800168","군만두","1","7.20"
"800169","돼지고기막창","1","7.20"
"800170","돼지고기대창","1","7.20"
"800171","순대","1","7.20"
"800172","돼지내장","1","7.20"
"800173","리챔","1","7.20"
"800174","돼지껍데기","1","7.20"
"800175","만두","1","7.20"
"800176","스팸","1","7.20"
"800177","족발","1","7.20"
"800178","동그랑땡","1","7.20"
"900101","닭","2","6.10"
"900102","닭 가슴살","2","6.10"
"900103","닭 육수","2","6.10"
"900104","닭 잡뼈","2","6.10"
"900105","닭가슴살","2","6.10"
"900106","닭고기","2","6.10"
"900107","닭고기 가슴살","2","6.10"
"900108","닭고기 다리","2","6.10"
"900109","닭고기가슴살","2","6.10"
"900110","닭고기다리","2","6.10"
"900111","닭고기살","2","6.10"
"900112","닭다리","2","6.10"
"900113","닭다리 살","2","6.10"
"900114","닭다리살","2","6.10"
"900115","닭봉","2","6.10"
"900116","닭뼈","2","6.10"
"900117","닭안심살","2","6.10"
"900118","닭육수","2","6.10"
"900119","닭육수 닭다리","2","6.10"
"900120","닭육수닭다리","2","6.10"
"900121","닭잡뼈","2","6.10"
"900122","메추라기","2","6.10"
"900123","삶은 닭가슴살","2","6.10"
"900124","삶은닭가슴살","2","6.10"
"900125","오리","2","6.10"
"900126","오리고기","2","6.10"
"900127","오리고기 훈제오리 가슴살","2","6.10"
"900128","오리고기훈제오리가슴살","2","6.10"
"900129","치킨스톡","2","6.10"
"900130","훈제오리 가슴살","2","6.10"
"900131","훈제오리가슴살","2","6.10"
"900132","훈제오리","2","6.10"
"900133","오리불고기","2","6.10"
"900134","닭날개","2","6.10"
"1000101","가다랑어장국","3","5.10"
"1000102","가다랑어포","3","5.10"
"1000103","가쓰오부시","3","5.10"
"1000104","가자미","3","5.10"
"1000105","간편 어간장","3","5.10"
"1000106","간편어간장","3","5.10"
"1000107","게맛살","3","5.10"
"1000108","고등어","3","5.10"
"1000109","관자","3","5.10"
"1000110","광어","3","5.10"
"1000111","국멸치","3","5.10"
"1000112","국물용 멸치","3","5.10"
"1000113","국물용멸치","3","5.10"
"1000114","굴","3","5.10"
"1000115","굴소스","3","5.10"
"1000116","꼬막","3","5.10"
"1000117","꼬막살","3","5.10"
"1000118","꽁치","3","5.10"
"1000119","꽁치살","3","5.10"
"1000120","꽃게","3","5.10"
"1000121","낙지","3","5.10"
"1000122","낙지 다리","3","5.10"
"1000123","낙지다리","3","5.10"
"1000124","날치알","3","5.10"
"1000125","냉동고등어","3","5.10"
"1000126","대구 손질된 것","3","5.10"
"1000127","논우렁","3","5.10"
"1000128","다시멸치","3","5.10"
"1000129","대구","3","5.10"
"1000130","대구살","3","5.10"
"1000131","대구손질된 것","3","5.10"
"1000132","대구손질된것","3","5.10"
"1000133","대하","3","5.10"
"1000134","데친 꼬막살","3","5.10"
"1000135","데친꼬막살","3","5.10"
"1000136","동태살","3","5.10"
"1000137","동태포","3","5.10"
"1000138","뒤포리","3","5.10"
"1000139","뒤포리 밴댕이","3","5.10"
"1000140","뒤포리밴댕이","3","5.10"
"1000141","마른멸치","3","5.10"
"1000142","멸치","3","5.10"
"1000143","멸치가루","3","5.10"
"1000144","멸치다시마육수","3","5.10"
"1000145","멸치액젓","3","5.10"
"1000146","멸치육수","3","5.10"
"1000147","멸치젓갈","3","5.10"
"1000148","명태","3","5.10"
"1000149","명태코다리","3","5.10"
"1000150","모시조개","3","5.10"
"1000151","문어","3","5.10"
"1000152","민어","3","5.10"
"1000153","바지락","3","5.10"
"1000154","바지락 모시조개","3","5.10"
"1000155","바지락모시조개","3","5.10"
"1000156","바지락살","3","5.10"
"1000157","백합","3","5.10"
"1000158","밴댕이","3","5.10"
"1000159","북어","3","5.10"
"1000160","북어머리","3","5.10"
"1000161","북어채","3","5.10"
"1000162","삼치","3","5.10"
"1000163","생선살","3","5.10"
"1000164","소라","3","5.10"
"1000165","소라살","3","5.10"
"1000166","손질한 고등어","3","5.10"
"1000167","손질한고등어","3","5.10"
"1000168","슬라이스연어","3","5.10"
"1000169","아귀","3","5.10"
"1000170","어간장","3","5.10"
"1000171","어묵","3","5.10"
"1000172","연어","3","5.10"
"1000173","연어 훈제연어","3","5.10"
"1000174","연어훈제연어","3","5.10"
"1000175","오징어","3","5.10"
"1000176","오징어 1마리","3","5.10"
"1000177","오징어 몸통","3","5.10"
"1000178","오징어1마리","3","5.10"
"1000179","오징어먹물","3","5.10"
"1000180","오징어몸통","3","5.10"
"1000181","오징어살","3","5.10"
"1000182","우렁이","3","5.10"
"1000183","장어","3","5.10"
"1000184","전복","3","5.10"
"1000185","조개","3","5.10"
"1000186","조개 관자","3","5.10"
"1000187","조개관자","3","5.10"
"1000188","조갯살","3","5.10"
"1000189","조기","3","5.10"
"1000190","주꾸미","3","5.10"
"1000191","참전복","3","5.10"
"1000192","참치","3","5.10"
"1000193","참치 통조림","3","5.10"
"1000194","참치통조림","3","5.10"
"1000195","캔 참치","3","5.10"
"1000196","캔참치","3","5.10"
"1000197","코다리","3","5.10"
"1000198","통오징어","3","5.10"
"1000199","통조림 연어","3","5.10"
"1000200","통조림연어","3","5.10"
"1000201","해물육수","3","5.10"
"1000202","홍합","3","5.10"
"1000203","황태","3","5.10"
"1000204","황태머리","3","5.10"
"1000205","황태채","3","5.10"
"1000206","황태포","3","5.10"
"1000207","훈제연어","3","5.10"
"1000208","맛살","3","5.10"
"1000209","진미채","3","5.10"
"1000210","대구곤이","3","5.10"
"1000211","멸치다시육수","3","5.10"
"1000212","양미리","3","5.10"
"1000213","돔베기","3","5.10"
"1000214","병어","3","5.10"
"1000215","임연수","3","5.10"
"1000216","까나리액젓","3","5.10"
"1000217","우렁","3","5.10"
"1000218","재첩","3","5.10"
"1000219","농어","3","5.10"
"1000220","동태","3","5.10"
"1000221","갈치","3","5.10"
"1000222","꽁치통조림","3","5.10"
"1000223","조개육수","3","5.10"
"1000224","아구","3","5.10"
"1100101","계란","4","4.50"
"1100102","노른자","4","4.50"
"1100103","달걀","4","4.50"
"1100104","달걀노른자","4","4.50"
"1100105","달걀지단","4","4.50"
"1100106","달걀흰자","4","4.50"
"1100107","마요네즈","4","4.50"
"1100108","메추리알","4","4.50"
"1100109","삶은 달걀","4","4.50"
"1100110","삶은 메추리알","4","4.50"
"1100111","삶은달걀","4","4.50"
"1100112","삶은메추리알","4","4.50"
"1100113","스파게티","4","4.50"
"1100114","스파게티면","4","4.50"
"1100115","지단","4","4.50"
"1100116","페투치네","4","4.50"
"1100117","펜네","4","4.50"
"1100118","카스텔라","4","4.50"
"1200101","가는 쌀국수","6","4.00"
"1200102","가래떡","6","4.00"
"1200103","가래떡면","6","4.00"
"1200104","검은쌀","6","4.00"
"1200105","검은콩튀밥","6","4.00"
"1200106","귀리","6","4.00"
"1200107","귀리밥","6","4.00"
"1200108","누룽지","6","4.00"
"1200109","누룽지가루","6","4.00"
"1200110","떡국떡","6","4.00"
"1200111","떡볶이 떡","6","4.00"
"1200112","떡볶이용 떡","6","4.00"
"1200113","라이스페이퍼","6","4.00"
"1200114","맵쌀가루","6","4.00"
"1200115","메닐튀밥","6","4.00"
"1200116","멥쌀","6","4.00"
"1200117","미숫가루","6","4.00"
"1200118","밥","6","4.00"
"1200119","밥 또는 파스타","6","4.00"
"1200120","백미","6","4.00"
"1200121","볶은 현미","6","4.00"
"1200122","볶은현미","6","4.00"
"1200123","불린 쌀","6","4.00"
"1200124","쌀","6","4.00"
"1200125","쌀가루","6","4.00"
"1200126","쌀국수","6","4.00"
"1200127","쌀떡","6","4.00"
"1200128","쌀밥","6","4.00"
"1200129","쌀튀밥","6","4.00"
"1200130","쌀파스타면","6","4.00"
"1200131","오곡밥","6","4.00"
"1200132","잡곡밥","6","4.00"
"1200133","정종","6","4.00"
"1200134","젖은 찹쌀가루","6","4.00"
"1200135","조랭이 떡","6","4.00"
"1200136","조랭이떡","6","4.00"
"1200137","찹쌀","6","4.00"
"1200138","찹쌀가루","6","4.00"
"1200139","찹쌀떡","6","4.00"
"1200140","청주","6","4.00"
"1200141","퀴노아","6","4.00"
"1200142","현미","6","4.00"
"1200143","현미(불린것)","6","4.00"
"1200144","현미가루","6","4.00"
"1200145","현미밥","6","4.00"
"1200146","현미쌀","6","4.00"
"1200147","현미유","6","4.00"
"1200148","현미찹쌀","6","4.00"
"1200149","현미튀밥","6","4.00"
"1200150","흑미","6","4.00"
"1200151","흰쌀","6","4.00"
"1200152","백설기","6","4.00"
"1300101","두부","6","3.00"
"1300102","두부작은것","6","3.00"
"1300103","순두부","6","3.00"
"1300104","연두부","6","3.00"
"1300105","유부","6","3.00"
"1300106","으깬 두부","6","3.00"
"1300107","판두부","6","3.00"
"1300108","포두부","6","3.00"
"1300109","흑두부","6","3.00"
"1400101","무염버터","5","2.80"
"1400102","버터","5","2.80"
"1400103","생크림","5","2.80"
"1400104","연유","5","2.80"
"1400105","요거트","5","2.80"
"1400106","우유","5","2.80"
"1400107","저염버터","5","2.80"
"1400108","저지방우유","5","2.80"
"1400109","파마산가루","5","2.80"
"1400110","플레인 요구르트","5","2.80"
"1400111","플레인요거트","5","2.80"
"1400112","플레인요구르트","5","2.80"
"1400113","호상요구르트","5","2.80"
"1400114","화이트크림","5","2.80"
"1400115","휘핑크림","5","2.80"
"1500101","건조토마토","6","1.40"
"1500102","다진 토마토","6","1.40"
"1500103","말린 토마토","6","1.40"
"1500104","방울토마토","6","1.40"
"1500105","줄기토마토","6","1.40"
"1500106","체리토마토","6","1.40"
"1500107","캔 토마토","6","1.40"
"1500108","캔토마토","6","1.40"
"1500109","토마토","6","1.40"
"1500110","토마토 칠리소스","6","1.40"
"1500111","토마토소스","6","1.40"
"1500112","토마토케첩","6","1.40"
"1500113","토마토콩카세","6","1.40"
"1500114","토마토페이스트","6","1.40"
"1500115","토마토홀캔","6","1.40"
"1500116","토마토홍캔","6","1.40"
"1500117","홀토마토","6","1.40"
"1600101","바나나","6","0.80"
"1600102","바나나식초","6","0.80"
"1600103","바닐라빈","6","0.80"
"1700101","대두유","6","6.00"
"1700102","들기름","6","6.00"
"1700103","식용유","6","6.00"
"1700104","콩기름","6","6.00"
"1800101","올리브유","6","6.00"
"1800102","올리브오일","6","6.00"
"1900101","카놀라유","6","3.70"
"2000101","해바라기유","6","4.50"
"2100101","겨자소스설탕","6","2.60"
"2100102","단촛물설탕","6","2.60"
"2100103","레몬소스설탕","6","2.60"
"2100104","설탕","6","2.60"
"2100105","황설탕","6","2.60"
"2100106","흑설탕","6","2.60"
"2200101","다진 땅콩","6","2.40"
"2200102","다진땅콩","6","2.40"
"2200103","땅콩","6","2.40"
"2200104","땅콩가루","6","2.40"
"2200105","땅콩버터","6","2.40"
"2300101","그라놀라","6","1.60"
"2300102","오트밀","6","1.60"
"2400101","강낭콩","6","1.60"
"2400102","거피녹두","6","1.60"
"2400103","검은콩","6","1.60"
"2400104","검정깨묵","6","1.60"
"2400105","그린빈","6","1.60"
"2400106","날콩가루","6","1.60"
"2400107","녹두","6","1.60"
"2400108","녹두묵","6","1.60"
"2400109","대두","6","1.60"
"2400110","도토리묵","6","1.60"
"2400111","된장","6","1.60"
"2400112","렌틸콩","6","1.60"
"2400113","메밀묵","6","1.60"
"2400114","메주콩","6","1.60"
"2400115","미소된장","6","1.60"
"2400116","밤콩","6","1.60"
"2400117","백앙금","6","1.60"
"2400118","백태","6","1.60"
"2400119","병아리콩","6","1.60"
"2400120","불린 병아리콩","6","1.60"
"2400121","비지","6","1.60"
"2400122","서리태","6","1.60"
"2400123","울방개묵","6","1.60"
"2400124","저염된장","6","1.60"
"2400125","제비콩","6","1.60"
"2400126","청국장","6","1.60"
"2400127","청국장가루","6","1.60"
"2400128","청포묵","6","1.60"
"2400129","청포묵가루","6","1.60"
"2400130","카카오 닙스","6","1.60"
"2400131","콩","6","1.60"
"2400132","콩 백태","6","1.60"
"2400133","콩가루","6","1.60"
"2400134","콩고기","6","1.60"
"2400135","콩백태","6","1.60"
"2400136","콩비지","6","1.60"
"2400137","퀴노아","6","1.60"
"2400138","통조림콩","6","1.60"
"2400139","팥","6","1.60"
"2400140","팥앙금","6","1.60"
"2400141","흰강낭콩","6","1.60"
"2400142","흰콩","6","1.60"
"2400143","연두","6","1.60"
"2500101","강력밀가루","6","1.40"
"2500102","강력분","6","1.40"
"2500103","굵은 면발","6","1.40"
"2500104","굵은면발","6","1.40"
"2500105","또띠아","6","1.40"
"2500106","또띠아8인치","6","1.40"
"2500107","라면","6","1.40"
"2500108","만두피","6","1.40"
"2500109","밀가루","6","1.40"
"2500110","바게트","6","1.40"
"2500111","바케트","6","1.40"
"2500112","박력분","6","1.40"
"2500113","부침가루","6","1.40"
"2500114","빵가루","6","1.40"
"2500115","소면","6","1.40"
"2500116","스파게티","6","1.40"
"2500117","스파게티면","6","1.40"
"2500118","식빵","6","1.40"
"2500119","우동면","6","1.40"
"2500120","우리밀가루","6","1.40"
"2500121","중력분","6","1.40"
"2500122","춘권피","6","1.40"
"2500123","칼국수면","6","1.40"
"2500124","쿠스쿠스","6","1.40"
"2500125","크로와상","6","1.40"
"2500126","통밀가루","6","1.40"
"2500127","튀김가루","6","1.40"
"2500128","펜네","6","1.40"
"2500129","핫케이크가루","6","1.40"
"2500130","햇밀가루","6","1.40"
"2500131","호떡반죽","6","1.40"
"2500132","칼국수","6","1.40"
"2600101","비트슈가","6","1.40"
"2600102","비트 슈가","6","1.40"
"2700101","레드와인","6","1.40"
"2700102","화이트와인","6","1.40"
"2700103","화이트와인식초","6","1.40"
"2800101","녹말가루","6","1.10"
"2800102","녹말물","6","1.10"
"2800103","영콘","6","1.10"
"2800104","옥수수","6","1.10"
"2800105","옥수수가루","6","1.10"
"2800106","옥수수유","6","1.10"
"2800107","옥수수콘","6","1.10"
"2800108","옥수수통조림","6","1.10"
"2800109","폴렌타","6","1.10"
"2900101","맥주","6","1.10"
"2900102","보리된장","6","1.10"
"2900103","보릿가루","6","1.10"
"2900104","찰보리","6","1.10"
"3000101","건조체리","6","1.10"
"3000102","건포도","6","1.10"
"3000103","라즈베리","6","1.10"
"3000104","말린오미자","6","1.10"
"3000105","복분자","6","1.10"
"3000106","복분자가루","6","1.10"
"3000107","블루베리","6","1.10"
"3000108","블루베리 발효원종","6","1.10"
"3000109","블루베리잼","6","1.10"
"3000110","오미자","6","1.10"
"3000111","오미자물","6","1.10"
"3000112","오미자원액","6","1.10"
"3000113","오미자청","6","1.10"
"3000114","청포도","6","1.10"
"3000115","크랜베리","6","1.10"
"3000116","크린베리","6","1.10"
"3000117","포도","6","1.10"
"3000118","포도주스","6","1.10"
"3000119","포도통조림","6","1.10"
"3100101","검은콩두유","6","1.00"
"3100102","두유","6","1.00"
"3100103","무첨가두유","6","1.00"
"3200101","카사바","6","0.90"
"3200102","타피오카","6","0.90"
"3200103","타피오카전분","6","0.90"
"3300101","완두콩","6","0.80"
"3400101","감말랭이","6","0.70"
"3400102","건대추","6","0.70"
"3400103","건무화과","6","0.70"
"3400104","곶감","6","0.70"
"3400105","그린올리브","6","0.70"
"3400106","냉동딸기","6","0.70"
"3400107","단감","6","0.70"
"3400108","대추","6","0.70"
"3400109","딸기","6","0.70"
"3400110","딸기잼","6","0.70"
"3400111","레몬 제스트","6","0.70"
"3400112","망고","6","0.70"
"3400113","매실고추장","6","0.70"
"3400114","매실액","6","0.70"
"3400115","매실엑기스","6","0.70"
"3400116","매실장아찌","6","0.70"
"3400117","매실청","6","0.70"
"3400118","모과원액","6","0.70"
"3400119","무화과","6","0.70"
"3400120","배","6","0.70"
"3400121","배즙","6","0.70"
"3400122","복숭아","6","0.70"
"3400123","블랙올리브","6","0.70"
"3400124","석류","6","0.70"
"3400125","석류원액","6","0.70"
"3400126","석류즙","6","0.70"
"3400127","수박","6","0.70"
"3400128","수박껍질","6","0.70"
"3400129","아보카도","6","0.70"
"3400130","올리브","6","0.70"
"3400131","유자액","6","0.70"
"3400132","유자청","6","0.70"
"3400133","자두","6","0.70"
"3400134","자몽","6","0.70"
"3400135","제철과일","6","0.70"
"3400136","참외","6","0.70"
"3400137","체리","6","0.70"
"3400138","치자","6","0.70"
"3400139","치자국수","6","0.70"
"3400140","코코넛밀크","6","0.70"
"3400141","코코넛가루","6","0.70"
"3400142","코코넛설탕","6","0.70"
"3400143","코코넛슬라이스","6","0.70"
"3400144","키위","6","0.70"
"3400145","키위소스","6","0.70"
"3400146","파인애플","6","0.70"
"3400147","파인애플주스","6","0.70"
"3400148","파인애플즙","6","0.70"
"3400149","푸룬","6","0.70"
"3400150","홍시","6","0.70"
"3400151","후르츠칵테일","6","0.70"
"3400152","샤인머스켓","6","0.70"
"3500101","가지","6","0.50"
"3500102","각종 새싹","6","0.50"
"3500103","건 바질","6","0.50"
"3500104","건고추","6","0.50"
"3500105","건곤드레","6","0.50"
"3500106","건바질","6","0.50"
"3500107","건오레가노","6","0.50"
"3500108","건타임","6","0.50"
"3500109","건홍고추","6","0.50"
"3500110","검은깨","6","0.50"
"3500111","검정깨","6","0.50"
"3500112","계피","6","0.50"
"3500113","계피가루","6","0.50"
"3500114","고사리","6","0.50"
"3500115","고수","6","0.50"
"3500116","고운고춧가루","6","0.50"
"3500117","고추기름","6","0.50"
"3500118","고추장","6","0.50"
"3500119","고춧가루","6","0.50"
"3500120","곤드레나물","6","0.50"
"3500121","곤약","6","0.50"
"3500122","곤약국수","6","0.50"
"3500123","골파","6","0.50"
"3500124","곰취","6","0.50"
"3500125","그린올리브","6","0.50"
"3500126","근대","6","0.50"
"3500127","깐연근","6","0.50"
"3500128","깻잎","6","0.50"
"3500129","꽈리고추","6","0.50"
"3500130","냉이","6","0.50"
"3500131","노각","6","0.50"
"3500132","노란 파프리카","6","0.50"
"3500133","노란색파프리카","6","0.50"
"3500134","노랑 파프리카","6","0.50"
"3500135","노랑파프리카","6","0.50"
"3500136","녹차가루","6","0.50"
"3500137","녹차티백","6","0.50"
"3500138","다진 청양고추","6","0.50"
"3500139","다진 청피망","6","0.50"
"3500140","다진 파슬리","6","0.50"
"3500141","다진 홍고추","6","0.50"
"3500142","다진 홍피망","6","0.50"
"3500143","다진빨강파프리카","6","0.50"
"3500144","다진오이피클","6","0.50"
"3500145","다진청고추","6","0.50"
"3500146","다진청양고추","6","0.50"
"3500147","다진호박","6","0.50"
"3500148","다진홍고추","6","0.50"
"3500149","단호박","6","0.50"
"3500150","단호박가루","6","0.50"
"3500151","달래","6","0.50"
"3500152","당귀","6","0.50"
"3500153","데쳐서 다진 취나물","6","0.50"
"3500154","데친 미나리","6","0.50"
"3500155","데친 취나물","6","0.50"
"3500156","돈나물","6","0.50"
"3500157","돌나물","6","0.50"
"3500158","돌미나리","6","0.50"
"3500159","돼지호박","6","0.50"
"3500160","돼지호박갈은것","6","0.50"
"3500161","두릅","6","0.50"
"3500162","들기름","6","0.50"
"3500163","들깨가루","6","0.50"
"3500164","들깻가루","6","0.50"
"3500165","땅콩호박","6","0.50"
"3500166","레드치커리","6","0.50"
"3500167","로메인","6","0.50"
"3500168","로메인상추","6","0.50"
"3500169","로즈마리","6","0.50"
"3500170","로즈마리다진것","6","0.50"
"3500171","마","6","0.50"
"3500172","마른 고추","6","0.50"
"3500173","마른 홍고추","6","0.50"
"3500174","마른고추","6","0.50"
"3500175","마른홍고추","6","0.50"
"3500176","메밀면","6","0.50"
"3500177","멕시코고추","6","0.50"
"3500178","미나리","6","0.50"
"3500179","미니파프리카","6","0.50"
"3500180","민들레","6","0.50"
"3500181","민들레 잎","6","0.50"
"3500182","민들레잎","6","0.50"
"3500183","민트","6","0.50"
"3500184","바질","6","0.50"
"3500185","바질가루","6","0.50"
"3500186","백년초가루","6","0.50"
"3500187","백년초국수","6","0.50"
"3500188","베이비채소","6","0.50"
"3500189","보라로즈케일","6","0.50"
"3500190","복분자가루","6","0.50"
"3500191","불린 곤드레나물","6","0.50"
"3500192","붉은 고추","6","0.50"
"3500193","붉은 파프리카","6","0.50"
"3500194","붉은고추","6","0.50"
"3500195","붉은피망","6","0.50"
"3500196","블랙올리브","6","0.50"
"3500197","비름나물","6","0.50"
"3500198","빨간 파프리카","6","0.50"
"3500199","빨강 파프리카","6","0.50"
"3500200","빨강파프리카","6","0.50"
"3500201","뽕잎가루","6","0.50"
"3500202","뽕잎국수","6","0.50"
"3500203","산마","6","0.50"
"3500204","삶은 죽순","6","0.50"
"3500205","삼색파프리카","6","0.50"
"3500206","상추","6","0.50"
"3500207","상추/로메인","6","0.50"
"3500208","새싹","6","0.50"
"3500209","새싹채소","6","0.50"
"3500210","샐러드채소","6","0.50"
"3500211","샐러리","6","0.50"
"3500212","샐러리 채친것","6","0.50"
"3500213","샐러리다진것","6","0.50"
"3500214","세발나물","6","0.50"
"3500215","셀러리","6","0.50"
"3500216","셀러리다진것","6","0.50"
"3500217","송송 썬 붉은 고추","6","0.50"
"3500218","송송 썬 청양고추","6","0.50"
"3500219","수삼","6","0.50"
"3500220","숙주","6","0.50"
"3500221","숙주나물","6","0.50"
"3500222","스테비아","6","0.50"
"3500223","시금치","6","0.50"
"3500224","시금치가루","6","0.50"
"3500225","시금치데친것","6","0.50"
"3500226","식용 꽃","6","0.50"
"3500227","식용꽃","6","0.50"
"3500228","신선초","6","0.50"
"3500229","실고추","6","0.50"
"3500230","실곤약","6","0.50"
"3500231","쑥","6","0.50"
"3500232","쑥가루","6","0.50"
"3500233","쑥갓","6","0.50"
"3500234","아스파라거스","6","0.50"
"3500235","아욱","6","0.50"
"3500236","애호박","6","0.50"
"3500237","양상추","6","0.50"
"3500238","어린잎","6","0.50"
"3500239","어린잎채소","6","0.50"
"3500240","어슷 썬 풋고추","6","0.50"
"3500241","연근","6","0.50"
"3500242","오가피","6","0.50"
"3500243","오레가노","6","0.50"
"3500244","오이","6","0.50"
"3500245","오이고추","6","0.50"
"3500246","오이피클","6","0.50"
"3500247","올리브","6","0.50"
"3500248","우엉","6","0.50"
"3500249","워터크래스","6","0.50"
"3500250","월계수잎","6","0.50"
"3500251","월계수잎마른것","6","0.50"
"3500252","잎채소","6","0.50"
"3500253","저염고추장","6","0.50"
"3500254","주키니호박","6","0.50"
"3500255","주황 파프리카","6","0.50"
"3500256","주황파프리카","6","0.50"
"3500257","죽순","6","0.50"
"3500258","쥬키니호박","6","0.50"
"3500259","참나물","6","0.50"
"3500260","참마","6","0.50"
"3500261","참취","6","0.50"
"3500262","청 파프리카","6","0.50"
"3500263","청고추","6","0.50"
"3500264","청고추다진것","6","0.50"
"3500265","청양고추","6","0.50"
"3500266","청파프리카","6","0.50"
"3500267","청피망","6","0.50"
"3500268","청홍고추","6","0.50"
"3500269","취나물","6","0.50"
"3500270","치자","6","0.50"
"3500271","치커리","6","0.50"
"3500272","카엔페퍼","6","0.50"
"3500273","케일","6","0.50"
"3500274","콩나물","6","0.50"
"3500275","타임","6","0.50"
"3500276","타임다진것","6","0.50"
"3500277","타임마른것","6","0.50"
"3500278","토란대","6","0.50"
"3500279","톳","6","0.50"
"3500280","통깨","6","0.50"
"3500281","통후추","6","0.50"
"3500282","파슬리","6","0.50"
"3500283","파슬리가루","6","0.50"
"3500284","파슬리다진것","6","0.50"
"3500285","파인애플","6","0.50"
"3500286","파인애플즙","6","0.50"
"3500287","파프리카","6","0.50"
"3500288","파프리카(빨간색/노란색)","6","0.50"
"3500289","파프리카가루","6","0.50"
"3500290","포항초","6","0.50"
"3500291","풋고추","6","0.50"
"3500292","피망","6","0.50"
"3500293","피클","6","0.50"
"3500294","할라피뇨","6","0.50"
"3500295","할라피뇨다진것","6","0.50"
"3500296","함초","6","0.50"
"3500297","함초가루","6","0.50"
"3500298","허브","6","0.50"
"3500299","호박","6","0.50"
"3500300","홍고추","6","0.50"
"3500301","홍파프리카","6","0.50"
"3500302","홍피망","6","0.50"
"3500303","홍피망다진것","6","0.50"
"3500304","황파프리카","6","0.50"
"3500305","후추","6","0.50"
"3500306","후춧가루","6","0.50"
"3500307","흰로즈케일","6","0.50"
"3500308","흰후추","6","0.50"
"3500309","흰후춧가루","6","0.50"
"3500310","송화가루","6","0.50"
"3500320","토란","6","0.50"
"3600101","겨울배추","6","0.40"
"3600102","겨자","6","0.40"
"3600103","겨자가루","6","0.40"
"3600104","겨자분말","6","0.40"
"3600105","김치","6","0.40"
"3600106","단배추","6","0.40"
"3600107","라디치오","6","0.40"
"3600108","래디쉬","6","0.40"
"3600109","머스타드","6","0.40"
"3600110","머스타드 파우더","6","0.40"
"3600111","머스터드","6","0.40"
"3600112","묵은지","6","0.40"
"3600113","미니양배추","6","0.40"
"3600114","발효겨자","6","0.40"
"3600115","방울양배추","6","0.40"
"3600116","배추","6","0.40"
"3600117","배추김치","6","0.40"
"3600118","배추잎","6","0.40"
"3600119","배춧잎","6","0.40"
"3600120","백김치","6","0.40"
"3600121","봄동","6","0.40"
"3600122","브러컬리","6","0.40"
"3600123","브로컬리","6","0.40"
"3600124","브로콜리","6","0.40"
"3600125","순무","6","0.40"
"3600126","순무의 어린잎","6","0.40"
"3600127","알배추","6","0.40"
"3600128","양배추","6","0.40"
"3600129","양상추","6","0.40"
"3600130","얼갈이배추","6","0.40"
"3600131","엔다이브","6","0.40"
"3600132","연겨자","6","0.40"
"3600133","와사비","6","0.40"
"3600134","우거지","6","0.40"
"3600135","유채","6","0.40"
"3600136","익힌겨자","6","0.40"
"3600137","적양배추","6","0.40"
"3600138","청경채","6","0.40"
"3600139","컬리플라워","6","0.40"
"3600140","케일","6","0.40"
"3600141","콜라비","6","0.40"
"3600142","콜리플라워","6","0.40"
"3600143","홀머스터드","6","0.40"
"3700101","간 양파","6","0.30"
"3700102","다진 대파","6","0.30"
"3700103","다진 실파","6","0.30"
"3700104","다진 양파","6","0.30"
"3700105","다진 파","6","0.30"
"3700106","다진대파","6","0.30"
"3700107","다진양파","6","0.30"
"3700108","다진쪽파","6","0.30"
"3700109","다진파","6","0.30"
"3700110","달래","6","0.30"
"3700111","대파","6","0.30"
"3700112","대파 기름","6","0.30"
"3700113","대파뿌리","6","0.30"
"3700114","대파채친것","6","0.30"
"3700115","래디쉬","6","0.30"
"3700116","레드어니언","6","0.30"
"3700117","레디쉬","6","0.30"
"3700118","무순","6","0.30"
"3700119","반죽양념 다진 파","6","0.30"
"3700120","부추","6","0.30"
"3700121","샬롯","6","0.30"
"3700122","실파","6","0.30"
"3700123","양파","6","0.30"
"3700124","양파다진것","6","0.30"
"3700125","양파슬라이스","6","0.30"
"3700126","양파즙","6","0.30"
"3700127","양파채친것","6","0.30"
"3700128","어슷 썬 대파","6","0.30"
"3700129","영양부추","6","0.30"
"3700130","적양파","6","0.30"
"3700131","조선부추","6","0.30"
"3700132","쪽파","6","0.30"
"3700133","차이브","6","0.30"
"3700134","파","6","0.30"
"3700135","파 기름","6","0.30"
"3700136","파다진것","6","0.30"
"3700137","파뿌리","6","0.30"
"3700138","호부추","6","0.30"
"3800101","감자","6","0.30"
"3800102","감자전분","6","0.30"
"3800103","강황가루","6","0.30"
"3800104","고구마","6","0.30"
"3800105","고구마순","6","0.30"
"3800106","고구마칩","6","0.30"
"3800107","고추냉이","6","0.30"
"3800108","깍두기","6","0.30"
"3800109","다진 당근","6","0.30"
"3800110","다진 마늘","6","0.30"
"3800111","다진 생강","6","0.30"
"3800112","다진당근","6","0.30"
"3800113","다진마늘","6","0.30"
"3800114","다진생강","6","0.30"
"3800115","단무지","6","0.30"
"3800116","당근","6","0.30"
"3800117","당근 채친것","6","0.30"
"3800118","당근갈은것","6","0.30"
"3800119","당근다진것","6","0.30"
"3800120","당근주스","6","0.30"
"3800121","당근퓨레","6","0.30"
"3800122","당면","6","0.30"
"3800123","더덕","6","0.30"
"3800124","도라지","6","0.30"
"3800125","레디쉬","6","0.30"
"3800126","마","6","0.30"
"3800127","마늘","6","0.30"
"3800128","마늘기름","6","0.30"
"3800129","마늘다진것","6","0.30"
"3800130","마늘종","6","0.30"
"3800131","마늘즙","6","0.30"
"3800132","마늘쫑","6","0.30"
"3800133","마늘칩","6","0.30"
"3800134","무","6","0.30"
"3800135","무순","6","0.30"
"3800136","무청","6","0.30"
"3800137","밤고구마","6","0.30"
"3800138","불린 당면","6","0.30"
"3800139","불린 무말랭이","6","0.30"
"3800140","비트","6","0.30"
"3800141","비트절인물","6","0.30"
"3800142","산마","6","0.30"
"3800143","생강","6","0.30"
"3800144","생강가루","6","0.30"
"3800145","생강다진것","6","0.30"
"3800146","생강즙","6","0.30"
"3800147","생강청","6","0.30"
"3800148","수삼","6","0.30"
"3800149","쌈무","6","0.30"
"3800150","아욱","6","0.30"
"3800151","알마늘","6","0.30"
"3800152","알비트","6","0.30"
"3800153","야콘","6","0.30"
"3800154","연근","6","0.30"
"3800155","와사비","6","0.30"
"3800156","인삼","6","0.30"
"3800157","자색고구마","6","0.30"
"3800158","전분","6","0.30"
"3800159","통도라지","6","0.30"
"3800160","통마늘","6","0.30"
"3800161","풋마늘","6","0.30"
"3800162","하수오","6","0.30"
"3800163","호박고구마","6","0.30"
"3800164","홍삼진액","6","0.30"
"3800165","흑마늘","6","0.30"
"3800166","흑마늘액","6","0.30"
"3800167","야콘","6","0.30"
"3800168","감자튀김","6","0.30"
"3900101","곶감","6","0.30"
"3900102","굵게 다진 사과","6","0.30"
"3900103","귤","6","0.30"
"3900104","귤병","6","0.30"
"3900105","라임","6","0.30"
"3900106","라임주스","6","0.30"
"3900107","레드향","6","0.30"
"3900108","레몬","6","0.30"
"3900109","레몬(껍질)","6","0.30"
"3900110","레몬그라스","6","0.30"
"3900111","레몬제스트","6","0.30"
"3900112","레몬주수","6","0.30"
"3900113","레몬주스","6","0.30"
"3900114","레몬즙","6","0.30"
"3900115","사과","6","0.30"
"3900116","사과식초","6","0.30"
"3900117","사과쥬스","6","0.30"
"3900118","사과즙","6","0.30"
"3900119","오렌지","6","0.30"
"3900120","오렌지 껍질","6","0.30"
"3900121","오렌지껍질","6","0.30"
"3900122","오렌지주스","6","0.30"
"3900123","오렌지즙","6","0.30"
"3900124","자몽","6","0.30"
"3900125","진피","6","0.30"
"3900126","청귤","6","0.30"
"3900127","풋사과","6","0.30"
"3900128","한라봉","6","0.30"
"3900129","홍시","6","0.30"
"4000101","견과류","6","0.20"
"4000102","넛맥","6","0.20"
"4000103","다진 견과류","6","0.20"
"4000104","다진 잣","6","0.20"
"4000105","다진 호두","6","0.20"
"4000106","다진호두","6","0.20"
"4000107","도토리가루","6","0.20"
"4000108","땅콩다진것","6","0.20"
"4000109","밤","6","0.20"
"4000110","슬라이스아몬드","6","0.20"
"4000111","아몬드","6","0.20"
"4000112","아몬드가루","6","0.20"
"4000113","아몬드슬라이스","6","0.20"
"4000114","은행","6","0.20"
"4000115","잣","6","0.20"
"4000116","캐슈넛","6","0.20"
"4000117","통아몬드","6","0.20"
"4000118","피스타치오","6","0.20"
"4000119","해바라기씨","6","0.20"
"4000120","호두","6","0.20"
"4000121","호박씨","6","0.20"
"4000122","혼합견과","6","0.20"
